{
  "project_info": {
    "project_id": "san-isidro-turismo",
    "project_number": "646665464113",
    "name": "San Isidro Turismo"
  },
  "client": [
    {
      "client_info": {
        "mobilesdk_app_id": "1:646665464113:android:3983a39a62baa2a1",
        "client_id": "android:pe.dominiotech.movil.safe2biz",
        "client_type": 1,
        "android_client_info": {
          "package_name": "pe.dominiotech.movil.safe2biz"
        }
      },
      "oauth_client": [
        {
          "client_id": "646665464113-76qhjb3us75or1st4euah5mmu625ike8.apps.googleusercontent.com",
          "client_type": 1,
          "android_info": {
            "package_name": "pe.dominiotech.movil.safe2biz",
            "certificate_hash": ""
          }
        }
      ],
      "api_key": [{ "current_key": "AIzaSyDZEND8caYW5gta7OvcDow-2_JX0Ady1v4" }],
      "services": {
        "analytics_service": {
          "status": 1
        },
        "cloud_messaging_service": {
          "status": 1,
          "apns_config": []
        },
        "appinvite_service": {
          "status": 1,
          "other_platform_oauth_client": []
        },
        "google_signin_service": {
          "status": 2
        },
        "ads_service": {
          "status": 1
        }
      }
    }
  ],
  "client_info": [],
  "ARTIFACT_VERSION": "1"
}